vm,direction,protocol,port,source,purpose
wazuh-server,inbound,tcp,22,<YOUR_PUBLIC_IP>/32,SSH from your computer
wazuh-server,inbound,tcp,443,<YOUR_PUBLIC_IP>/32,Wazuh dashboard (web UI) from your computer
wazuh-server,inbound,tcp,1514,<ENDPOINT_PRIVATE_IP>/32,Agent events (ubuntu-endpoint to manager)
wazuh-server,inbound,tcp,1515,<ENDPOINT_PRIVATE_IP>/32,Agent enrollment (ubuntu-endpoint to manager)
wazuh-server,inbound,tcp,1514,<WINDOWS_PRIVATE_IP>/32,Agent events (windows-endpoint to manager)
wazuh-server,inbound,tcp,1515,<WINDOWS_PRIVATE_IP>/32,Agent enrollment (windows-endpoint to manager)
ubuntu-endpoint,inbound,tcp,22,<YOUR_PUBLIC_IP>/32,SSH from your computer
windows-endpoint,inbound,tcp,3389,<YOUR_PUBLIC_IP>/32,Remote Desktop (RDP) from your computer
all,outbound,all,all,0.0.0.0/0,Default allow (package downloads and agent to manager traffic)
